{
	"name": "space-exploration-postprocess",
	"version": "0.1.38",
	"title": "Space Exploration Postprocess (Required)",
	"author": "Earendel",
	"dependencies": [
		"base >= 0.17.38",
		"space-exploration >= 0.1.45",
		"(?) angelsbioprocessing",
		"(?) angelsindustries",
		"(?) angelspetrochem",
		"(?) angelsrefining",
		"(?) angelssmelting",
		"(?) bobassembly",
		"(?) bobenemies",
		"(?) bobgreenhouse",
		"(?) bobinserters",
		"(?) boblogistics",
		"(?) bobmining",
		"(?) bobmodules",
		"(?) bobores",
		"(?) bobplates",
		"(?) bobpower",
		"(?) bobrevamp",
		"(?) bobtech",
		"(?) bobvehicleequipment",
		"(?) bobwarfare",
		"(?) Darkstar_utilities",
		"(?) Darkstar_utilities_Low_Spec-0_17-Port",
		"(?) NPUtils",
		"(?) qol_research",
		"(?) reverse-factory >= 6.0.5",
		"(?) SpaceMod"
	],
	"description": "[REQUIRED] Required for Space Exploration. Contains some important code that must run after other mods and a few bare-bones compatibility patches. Other listed mods are not requirements or suggestions, it is to control mod load order. This arrangement allows other mods to specify Space Exploration as a dependency without causing a dependency loop if they are already specified here. If you are a mod maker and want to control the compatibility with your mod do not add this mod as a dependency, add the base Space Exploration mod instead and if changes made here are incompatible they can be removed.",
	"factorio_version": "0.17",
	"homepage": "https://forums.factorio.com/viewtopic.php?f=190&t=68319"
}
