{
	"name": "space-exploration",
	"version": "0.1.99",
	"title": "Space Exploration (Experimental)",
	"author": "Earendel",
	"dependencies": [
    "base >= 0.17.38",
    "alien-biomes >= 0.4.12",
    "robot_attrition >= 0.3.7",
    "space-exploration-graphics >= 0.1.42",
    "? space-exploration-hr-graphics >= 0.1.38",
    "? aai-industry >= 0.3.6",
    "? aai-signal-transmission >= 0.1.1",
    "? bullet-trails >= 0.4.1",
    "? grappling-gun >= 0.1.2",
    "! ab_logisticscenter",
    "! angelsinfiniteores",
    "! bulkteleport",
    "! dark-matter-replicators",
    "! dark-matter-replicators-0_17-port",
    "! DeepMine",
    "! endlessresources",
    "! inf_res",
    "! infinite-resources-depletion",
    "! ItemTeleportation",
    "! omnimatter",
    "! PersonalTeleporter",
    "! pickerextended",
    "! pickerinventorytools",
    "! rso-mod",
    "! SeaBlock",
    "! sonaxaton-infinite-resources",
    "! TagToTeleport",
    "! traintunnels",
    "! vtk-deep-core-mining",
    "! warptorio"
	],
	"description": "Build Cargo Rockets to launch stuff into space. Ride a rocket into space yourself and start spacewalking. Build an orbital space platform to develop difficult data-driven space science. Build a spaceship tile by tile, fly it from a planet surface to other planets, moon, asteroid belts, and more. Strongly recommended to play with AAI Industry. Space Exploration Postprocess is required (can't be a dependency, long explanation). Not recommended to play with non-dependency mods while in experimental phase.",
	"factorio_version": "0.17",
	"homepage": "https://forums.factorio.com/viewtopic.php?f=190&t=68319"
}
